Waverley Monget,89169 Clyde Gallagher Junction, United States
Magdalene Alans,56897 Orin Drive, United States
Jewell Couldwell,8 Northwestern Alley, United States
Nadine Hadley,419 David Alley, United States
Carlye Labadini,9944 Comanche Drive, United States
Adelind Gatrill,32161 Brickson Park Street, United States
Ivan Mence,85955 Buell Avenue, United States
Jay Leggon,10 Daystar Trail, United States
Nina O'Longain,3 Ramsey Lane, United States
Theodor Cordel,0 Ridgeway Parkway, United States
Jeannette Maffucci,213 Knutson Road, United States
Engracia Megroff,244 Oriole Parkway, United States
Amalee Partleton,84 Sutteridge Alley, United States
Lilas Sturgeon,8 Vera Junction, United States
Felisha Gibbetts,90814 Debra Parkway, United States
Nedi Binham,3 Sherman Parkway, United States
Kaleena Jullian,4 Delaware Alley, United States
Adrien Loach,5 Northview Street, United States
Penny Callar,4072 Gale Lane, United States
Catlaina Code,14 Drewry Park, United States
Rog Balffye,760 Continental Drive, United States
Leonelle Dunkersley,83757 Donald Road, United States